Well,pH,Day 1,Day 2,Day 3,Day 4,Day 5,Day 6,Day 7,Day 8,Day 9,Day 10,Day 11
1,5,cropped_0hr_pH5_W1.JPG,cropped_24hr_pH5_W1.JPG,cropped_30hr_pH5_W1.JPG,cropped_48hr_pH5_W1.JPG,cropped_72hr_pH5_W1.JPG,cropped_95hr_pH5_W1.JPG,cropped_120hr_pH5_W1.JPG,cropped_168hr_pH5_W1.JPG,cropped_192hr_pH5_W1.JPG,cropped_216hr_pH5_W1.JPG,cropped_264hr_pH5_W1.JPG
2,5,cropped_0hr_pH5_W2.JPG,cropped_24hr_pH5_W2.JPG,cropped_30hr_pH5_W2.JPG,cropped_48hr_pH5_W2.JPG,cropped_72hr_pH5_W2.JPG,cropped_95hr_pH5_W2.JPG,cropped_120hr_pH5_W2.JPG,cropped_168hr_pH5_W2.JPG,cropped_192hr_pH5_W2.JPG,cropped_216hr_pH5_W2.JPG,cropped_264hr_pH5_W2.JPG
3,5,cropped_0hr_pH5_W3.JPG,cropped_24hr_pH5_W3.JPG,cropped_30hr_pH5_W3.JPG,cropped_48hr_pH5_W3.JPG,cropped_72hr_pH5_W3.JPG,cropped_95hr_pH5_W3.JPG,cropped_120hr_pH5_W3.JPG,cropped_168hr_pH5_W3.JPG,cropped_192hr_pH5_W3.JPG,cropped_216hr_pH5_W3.JPG,cropped_264hr_pH5_W3.JPG
4,5,cropped_0hr_pH5_W4.JPG,cropped_24hr_pH5_W4.JPG,cropped_30hr_pH5_W4.JPG,cropped_48hr_pH5_W4.JPG,cropped_72hr_pH5_W4.JPG,cropped_95hr_pH5_W4.JPG,cropped_120hr_pH5_W4.JPG,cropped_168hr_pH5_W4.JPG,cropped_192hr_pH5_W4.JPG,cropped_216hr_pH5_W4.JPG,cropped_264hr_pH5_W4.JPG
5,5,cropped_0hr_pH5_W5.JPG,cropped_24hr_pH5_W5.JPG,cropped_30hr_pH5_W5.JPG,cropped_48hr_pH5_W5.JPG,cropped_72hr_pH5_W5.JPG,cropped_95hr_pH5_W5.JPG,cropped_120hr_pH5_W5.JPG,cropped_168hr_pH5_W5.JPG,cropped_192hr_pH5_W5.JPG,cropped_216hr_pH5_W5.JPG,cropped_264hr_pH5_W5.JPG
6,5,cropped_0hr_pH5_W6.JPG,cropped_24hr_pH5_W6.JPG,cropped_30hr_pH5_W6.JPG,cropped_48hr_pH5_W6.JPG,cropped_72hr_pH5_W6.JPG,cropped_95hr_pH5_W6.JPG,cropped_120hr_pH5_W6.JPG,cropped_168hr_pH5_W6.JPG,cropped_192hr_pH5_W6.JPG,cropped_216hr_pH5_W6.JPG,cropped_264hr_pH5_W6.JPG
7,5,cropped_0hr_pH5_W7.JPG,cropped_24hr_pH5_W7.JPG,cropped_30hr_pH5_W7.JPG,cropped_48hr_pH5_W7.JPG,cropped_72hr_pH5_W7.JPG,cropped_95hr_pH5_W7.JPG,cropped_120hr_pH5_W7.JPG,cropped_168hr_pH5_W7.JPG,cropped_192hr_pH5_W7.JPG,cropped_216hr_pH5_W7.JPG,cropped_264hr_pH5_W7.JPG
8,5,cropped_0hr_pH5_W8.JPG,cropped_24hr_pH5_W8.JPG,cropped_30hr_pH5_W8.JPG,cropped_48hr_pH5_W8.JPG,cropped_72hr_pH5_W8.JPG,cropped_95hr_pH5_W8.JPG,cropped_120hr_pH5_W8.JPG,cropped_168hr_pH5_W8.JPG,cropped_192hr_pH5_W8.JPG,cropped_216hr_pH5_W8.JPG,cropped_264hr_pH5_W8.JPG
9,5,cropped_0hr_pH5_W9.JPG,cropped_24hr_pH5_W9.JPG,cropped_30hr_pH5_W9.JPG,cropped_48hr_pH5_W9.JPG,cropped_72hr_pH5_W9.JPG,cropped_95hr_pH5_W9.JPG,cropped_120hr_pH5_W9.JPG,cropped_168hr_pH5_W9.JPG,cropped_192hr_pH5_W9.JPG,cropped_216hr_pH5_W9.JPG,cropped_264hr_pH5_W9.JPG
10,5,cropped_0hr_pH5_W10.JPG,cropped_24hr_pH5_W10.JPG,cropped_30hr_pH5_W10.JPG,cropped_48hr_pH5_W10.JPG,cropped_72hr_pH5_W10.JPG,cropped_95hr_pH5_W10.JPG,cropped_120hr_pH5_W10.JPG,cropped_168hr_pH5_W10.JPG,cropped_192hr_pH5_W10.JPG,cropped_216hr_pH5_W10.JPG,cropped_264hr_pH5_W10.JPG
11,5,cropped_0hr_pH5_W11.JPG,cropped_24hr_pH5_W11.JPG,cropped_30hr_pH5_W11.JPG,cropped_48hr_pH5_W11.JPG,cropped_72hr_pH5_W11.JPG,cropped_95hr_pH5_W11.JPG,cropped_120hr_pH5_W11.JPG,cropped_168hr_pH5_W11.JPG,cropped_192hr_pH5_W11.JPG,cropped_216hr_pH5_W11.JPG,cropped_264hr_pH5_W11.JPG
12,5,cropped_0hr_pH5_W12.JPG,cropped_24hr_pH5_W12.JPG,cropped_30hr_pH5_W12.JPG,cropped_48hr_pH5_W12.JPG,cropped_72hr_pH5_W12.JPG,cropped_95hr_pH5_W12.JPG,cropped_120hr_pH5_W12.JPG,cropped_168hr_pH5_W12.JPG,cropped_192hr_pH5_W12.JPG,cropped_216hr_pH5_W12.JPG,cropped_264hr_pH5_W12.JPG
13,5,cropped_0hr_pH5_W13.JPG,cropped_24hr_pH5_W13.JPG,cropped_30hr_pH5_W13.JPG,cropped_48hr_pH5_W13.JPG,cropped_72hr_pH5_W13.JPG,cropped_95hr_pH5_W13.JPG,cropped_120hr_pH5_W13.JPG,cropped_168hr_pH5_W13.JPG,cropped_192hr_pH5_W13.JPG,cropped_216hr_pH5_W13.JPG,cropped_264hr_pH5_W13.JPG
14,5,cropped_0hr_pH5_W14.JPG,cropped_24hr_pH5_W14.JPG,cropped_30hr_pH5_W14.JPG,cropped_48hr_pH5_W14.JPG,cropped_72hr_pH5_W14.JPG,cropped_95hr_pH5_W14.JPG,cropped_120hr_pH5_W14.JPG,cropped_168hr_pH5_W14.JPG,cropped_192hr_pH5_W14.JPG,cropped_216hr_pH5_W14.JPG,cropped_264hr_pH5_W14.JPG
15,5,cropped_0hr_pH5_W15.JPG,cropped_24hr_pH5_W15.JPG,cropped_30hr_pH5_W15.JPG,cropped_48hr_pH5_W15.JPG,cropped_72hr_pH5_W15.JPG,cropped_95hr_pH5_W15.JPG,cropped_120hr_pH5_W15.JPG,cropped_168hr_pH5_W15.JPG,cropped_192hr_pH5_W15.JPG,cropped_216hr_pH5_W15.JPG,cropped_264hr_pH5_W15.JPG
16,5,cropped_0hr_pH5_W16.JPG,cropped_24hr_pH5_W16.JPG,cropped_30hr_pH5_W16.JPG,cropped_48hr_pH5_W16.JPG,cropped_72hr_pH5_W16.JPG,cropped_95hr_pH5_W16.JPG,cropped_120hr_pH5_W16.JPG,cropped_168hr_pH5_W16.JPG,cropped_192hr_pH5_W16.JPG,cropped_216hr_pH5_W16.JPG,cropped_264hr_pH5_W16.JPG
17,5,cropped_0hr_pH5_W17.JPG,cropped_24hr_pH5_W17.JPG,cropped_30hr_pH5_W17.JPG,cropped_48hr_pH5_W17.JPG,cropped_72hr_pH5_W17.JPG,cropped_95hr_pH5_W17.JPG,cropped_120hr_pH5_W17.JPG,cropped_168hr_pH5_W17.JPG,cropped_192hr_pH5_W17.JPG,cropped_216hr_pH5_W17.JPG,cropped_264hr_pH5_W17.JPG
18,5,cropped_0hr_pH5_W18.JPG,cropped_24hr_pH5_W18.JPG,cropped_30hr_pH5_W18.JPG,cropped_48hr_pH5_W18.JPG,cropped_72hr_pH5_W18.JPG,cropped_95hr_pH5_W18.JPG,cropped_120hr_pH5_W18.JPG,cropped_168hr_pH5_W18.JPG,cropped_192hr_pH5_W18.JPG,cropped_216hr_pH5_W18.JPG,cropped_264hr_pH5_W18.JPG
19,5,cropped_0hr_pH5_W19.JPG,cropped_24hr_pH5_W19.JPG,cropped_30hr_pH5_W19.JPG,cropped_48hr_pH5_W19.JPG,cropped_72hr_pH5_W19.JPG,cropped_95hr_pH5_W19.JPG,cropped_120hr_pH5_W19.JPG,cropped_168hr_pH5_W19.JPG,cropped_192hr_pH5_W19.JPG,cropped_216hr_pH5_W19.JPG,cropped_264hr_pH5_W19.JPG
20,5,cropped_0hr_pH5_W20.JPG,cropped_24hr_pH5_W20.JPG,cropped_30hr_pH5_W20.JPG,cropped_48hr_pH5_W20.JPG,cropped_72hr_pH5_W20.JPG,cropped_95hr_pH5_W20.JPG,cropped_120hr_pH5_W20.JPG,cropped_168hr_pH5_W20.JPG,cropped_192hr_pH5_W20.JPG,cropped_216hr_pH5_W20.JPG,cropped_264hr_pH5_W20.JPG
21,5,cropped_0hr_pH5_W21.JPG,cropped_24hr_pH5_W21.JPG,cropped_30hr_pH5_W21.JPG,cropped_48hr_pH5_W21.JPG,cropped_72hr_pH5_W21.JPG,cropped_95hr_pH5_W21.JPG,cropped_120hr_pH5_W21.JPG,cropped_168hr_pH5_W21.JPG,cropped_192hr_pH5_W21.JPG,cropped_216hr_pH5_W21.JPG,cropped_264hr_pH5_W21.JPG
22,5,cropped_0hr_pH5_W22.JPG,cropped_24hr_pH5_W22.JPG,cropped_30hr_pH5_W22.JPG,cropped_48hr_pH5_W22.JPG,cropped_72hr_pH5_W22.JPG,cropped_95hr_pH5_W22.JPG,cropped_120hr_pH5_W22.JPG,cropped_168hr_pH5_W22.JPG,cropped_192hr_pH5_W22.JPG,cropped_216hr_pH5_W22.JPG,cropped_264hr_pH5_W22.JPG
23,5,cropped_0hr_pH5_W23.JPG,cropped_24hr_pH5_W23.JPG,cropped_30hr_pH5_W23.JPG,cropped_48hr_pH5_W23.JPG,cropped_72hr_pH5_W23.JPG,cropped_95hr_pH5_W23.JPG,cropped_120hr_pH5_W23.JPG,cropped_168hr_pH5_W23.JPG,cropped_192hr_pH5_W23.JPG,cropped_216hr_pH5_W23.JPG,cropped_264hr_pH5_W23.JPG
24,5,cropped_0hr_pH5_W24.JPG,cropped_24hr_pH5_W24.JPG,cropped_30hr_pH5_W24.JPG,cropped_48hr_pH5_W24.JPG,cropped_72hr_pH5_W24.JPG,cropped_95hr_pH5_W24.JPG,cropped_120hr_pH5_W24.JPG,cropped_168hr_pH5_W24.JPG,cropped_192hr_pH5_W24.JPG,cropped_216hr_pH5_W24.JPG,cropped_264hr_pH5_W24.JPG
25,5,cropped_0hr_pH5_W25.JPG,cropped_24hr_pH5_W25.JPG,cropped_30hr_pH5_W25.JPG,cropped_48hr_pH5_W25.JPG,cropped_72hr_pH5_W25.JPG,cropped_95hr_pH5_W25.JPG,cropped_120hr_pH5_W25.JPG,cropped_168hr_pH5_W25.JPG,cropped_192hr_pH5_W25.JPG,cropped_216hr_pH5_W25.JPG,cropped_264hr_pH5_W25.JPG
26,5,cropped_0hr_pH5_W26.JPG,cropped_24hr_pH5_W26.JPG,cropped_30hr_pH5_W26.JPG,cropped_48hr_pH5_W26.JPG,cropped_72hr_pH5_W26.JPG,cropped_95hr_pH5_W26.JPG,cropped_120hr_pH5_W26.JPG,cropped_168hr_pH5_W26.JPG,cropped_192hr_pH5_W26.JPG,cropped_216hr_pH5_W26.JPG,cropped_264hr_pH5_W26.JPG
27,5,cropped_0hr_pH5_W27.JPG,cropped_24hr_pH5_W27.JPG,cropped_30hr_pH5_W27.JPG,cropped_48hr_pH5_W27.JPG,cropped_72hr_pH5_W27.JPG,cropped_95hr_pH5_W27.JPG,cropped_120hr_pH5_W27.JPG,cropped_168hr_pH5_W27.JPG,cropped_192hr_pH5_W27.JPG,cropped_216hr_pH5_W27.JPG,cropped_264hr_pH5_W27.JPG
28,5,cropped_0hr_pH5_W28.JPG,cropped_24hr_pH5_W28.JPG,cropped_30hr_pH5_W28.JPG,cropped_48hr_pH5_W28.JPG,cropped_72hr_pH5_W28.JPG,cropped_95hr_pH5_W28.JPG,cropped_120hr_pH5_W28.JPG,cropped_168hr_pH5_W28.JPG,cropped_192hr_pH5_W28.JPG,cropped_216hr_pH5_W28.JPG,cropped_264hr_pH5_W28.JPG
29,5,cropped_0hr_pH5_W29.JPG,cropped_24hr_pH5_W29.JPG,cropped_30hr_pH5_W29.JPG,cropped_48hr_pH5_W29.JPG,cropped_72hr_pH5_W29.JPG,cropped_95hr_pH5_W29.JPG,cropped_120hr_pH5_W29.JPG,cropped_168hr_pH5_W29.JPG,cropped_192hr_pH5_W29.JPG,cropped_216hr_pH5_W29.JPG,cropped_264hr_pH5_W29.JPG
30,5,cropped_0hr_pH5_W30.JPG,cropped_24hr_pH5_W30.JPG,cropped_30hr_pH5_W30.JPG,cropped_48hr_pH5_W30.JPG,cropped_72hr_pH5_W30.JPG,cropped_95hr_pH5_W30.JPG,cropped_120hr_pH5_W30.JPG,cropped_168hr_pH5_W30.JPG,cropped_192hr_pH5_W30.JPG,cropped_216hr_pH5_W30.JPG,cropped_264hr_pH5_W30.JPG
31,5,cropped_0hr_pH5_W31.JPG,cropped_24hr_pH5_W31.JPG,cropped_30hr_pH5_W31.JPG,cropped_48hr_pH5_W31.JPG,cropped_72hr_pH5_W31.JPG,cropped_95hr_pH5_W31.JPG,cropped_120hr_pH5_W31.JPG,cropped_168hr_pH5_W31.JPG,cropped_192hr_pH5_W31.JPG,cropped_216hr_pH5_W31.JPG,cropped_264hr_pH5_W31.JPG
32,5,cropped_0hr_pH5_W32.JPG,cropped_24hr_pH5_W32.JPG,cropped_30hr_pH5_W32.JPG,cropped_48hr_pH5_W32.JPG,cropped_72hr_pH5_W32.JPG,cropped_95hr_pH5_W32.JPG,cropped_120hr_pH5_W32.JPG,cropped_168hr_pH5_W32.JPG,cropped_192hr_pH5_W32.JPG,cropped_216hr_pH5_W32.JPG,cropped_264hr_pH5_W32.JPG
33,5,cropped_0hr_pH5_W33.JPG,cropped_24hr_pH5_W33.JPG,cropped_30hr_pH5_W33.JPG,cropped_48hr_pH5_W33.JPG,cropped_72hr_pH5_W33.JPG,cropped_95hr_pH5_W33.JPG,cropped_120hr_pH5_W33.JPG,cropped_168hr_pH5_W33.JPG,cropped_192hr_pH5_W33.JPG,cropped_216hr_pH5_W33.JPG,cropped_264hr_pH5_W33.JPG
34,5,cropped_0hr_pH5_W34.JPG,cropped_24hr_pH5_W34.JPG,cropped_30hr_pH5_W34.JPG,cropped_48hr_pH5_W34.JPG,cropped_72hr_pH5_W34.JPG,cropped_95hr_pH5_W34.JPG,cropped_120hr_pH5_W34.JPG,cropped_168hr_pH5_W34.JPG,cropped_192hr_pH5_W34.JPG,cropped_216hr_pH5_W34.JPG,cropped_264hr_pH5_W34.JPG
35,5,cropped_0hr_pH5_W35.JPG,cropped_24hr_pH5_W35.JPG,cropped_30hr_pH5_W35.JPG,cropped_48hr_pH5_W35.JPG,cropped_72hr_pH5_W35.JPG,cropped_95hr_pH5_W35.JPG,cropped_120hr_pH5_W35.JPG,cropped_168hr_pH5_W35.JPG,cropped_192hr_pH5_W35.JPG,cropped_216hr_pH5_W35.JPG,cropped_264hr_pH5_W35.JPG
36,5,cropped_0hr_pH5_W36.JPG,cropped_24hr_pH5_W36.JPG,cropped_30hr_pH5_W36.JPG,cropped_48hr_pH5_W36.JPG,cropped_72hr_pH5_W36.JPG,cropped_95hr_pH5_W36.JPG,cropped_120hr_pH5_W36.JPG,cropped_168hr_pH5_W36.JPG,cropped_192hr_pH5_W36.JPG,cropped_216hr_pH5_W36.JPG,cropped_264hr_pH5_W36.JPG
37,5,cropped_0hr_pH5_W37.JPG,cropped_24hr_pH5_W37.JPG,cropped_30hr_pH5_W37.JPG,cropped_48hr_pH5_W37.JPG,cropped_72hr_pH5_W37.JPG,cropped_95hr_pH5_W37.JPG,cropped_120hr_pH5_W37.JPG,cropped_168hr_pH5_W37.JPG,cropped_192hr_pH5_W37.JPG,cropped_216hr_pH5_W37.JPG,cropped_264hr_pH5_W37.JPG
38,5,cropped_0hr_pH5_W38.JPG,cropped_24hr_pH5_W38.JPG,cropped_30hr_pH5_W38.JPG,cropped_48hr_pH5_W38.JPG,cropped_72hr_pH5_W38.JPG,cropped_95hr_pH5_W38.JPG,cropped_120hr_pH5_W38.JPG,cropped_168hr_pH5_W38.JPG,cropped_192hr_pH5_W38.JPG,cropped_216hr_pH5_W38.JPG,cropped_264hr_pH5_W38.JPG
39,5,cropped_0hr_pH5_W39.JPG,cropped_24hr_pH5_W39.JPG,cropped_30hr_pH5_W39.JPG,cropped_48hr_pH5_W39.JPG,cropped_72hr_pH5_W39.JPG,cropped_95hr_pH5_W39.JPG,cropped_120hr_pH5_W39.JPG,cropped_168hr_pH5_W39.JPG,cropped_192hr_pH5_W39.JPG,cropped_216hr_pH5_W39.JPG,cropped_264hr_pH5_W39.JPG
40,5,cropped_0hr_pH5_W40.JPG,cropped_24hr_pH5_W40.JPG,cropped_30hr_pH5_W40.JPG,cropped_48hr_pH5_W40.JPG,cropped_72hr_pH5_W40.JPG,cropped_95hr_pH5_W40.JPG,cropped_120hr_pH5_W40.JPG,cropped_168hr_pH5_W40.JPG,cropped_192hr_pH5_W40.JPG,cropped_216hr_pH5_W40.JPG,cropped_264hr_pH5_W40.JPG
41,5,cropped_0hr_pH5_W41.JPG,cropped_24hr_pH5_W41.JPG,cropped_30hr_pH5_W41.JPG,cropped_48hr_pH5_W41.JPG,cropped_72hr_pH5_W41.JPG,cropped_95hr_pH5_W41.JPG,cropped_120hr_pH5_W41.JPG,cropped_168hr_pH5_W41.JPG,cropped_192hr_pH5_W41.JPG,cropped_216hr_pH5_W41.JPG,cropped_264hr_pH5_W41.JPG
42,5,cropped_0hr_pH5_W42.JPG,cropped_24hr_pH5_W42.JPG,cropped_30hr_pH5_W42.JPG,cropped_48hr_pH5_W42.JPG,cropped_72hr_pH5_W42.JPG,cropped_95hr_pH5_W42.JPG,cropped_120hr_pH5_W42.JPG,cropped_168hr_pH5_W42.JPG,cropped_192hr_pH5_W42.JPG,cropped_216hr_pH5_W42.JPG,cropped_264hr_pH5_W42.JPG
43,5,cropped_0hr_pH5_W43.JPG,cropped_24hr_pH5_W43.JPG,cropped_30hr_pH5_W43.JPG,cropped_48hr_pH5_W43.JPG,cropped_72hr_pH5_W43.JPG,cropped_95hr_pH5_W43.JPG,cropped_120hr_pH5_W43.JPG,cropped_168hr_pH5_W43.JPG,cropped_192hr_pH5_W43.JPG,cropped_216hr_pH5_W43.JPG,cropped_264hr_pH5_W43.JPG
44,5,cropped_0hr_pH5_W44.JPG,cropped_24hr_pH5_W44.JPG,cropped_30hr_pH5_W44.JPG,cropped_48hr_pH5_W44.JPG,cropped_72hr_pH5_W44.JPG,cropped_95hr_pH5_W44.JPG,cropped_120hr_pH5_W44.JPG,cropped_168hr_pH5_W44.JPG,cropped_192hr_pH5_W44.JPG,cropped_216hr_pH5_W44.JPG,cropped_264hr_pH5_W44.JPG
45,5,cropped_0hr_pH5_W45.JPG,cropped_24hr_pH5_W45.JPG,cropped_30hr_pH5_W45.JPG,cropped_48hr_pH5_W45.JPG,cropped_72hr_pH5_W45.JPG,cropped_95hr_pH5_W45.JPG,cropped_120hr_pH5_W45.JPG,cropped_168hr_pH5_W45.JPG,cropped_192hr_pH5_W45.JPG,cropped_216hr_pH5_W45.JPG,cropped_264hr_pH5_W45.JPG
46,5,cropped_0hr_pH5_W46.JPG,cropped_24hr_pH5_W46.JPG,cropped_30hr_pH5_W46.JPG,cropped_48hr_pH5_W46.JPG,cropped_72hr_pH5_W46.JPG,cropped_95hr_pH5_W46.JPG,cropped_120hr_pH5_W46.JPG,cropped_168hr_pH5_W46.JPG,cropped_192hr_pH5_W46.JPG,cropped_216hr_pH5_W46.JPG,cropped_264hr_pH5_W46.JPG
47,5,cropped_0hr_pH5_W47.JPG,cropped_24hr_pH5_W47.JPG,cropped_30hr_pH5_W47.JPG,cropped_48hr_pH5_W47.JPG,cropped_72hr_pH5_W47.JPG,cropped_95hr_pH5_W47.JPG,cropped_120hr_pH5_W47.JPG,cropped_168hr_pH5_W47.JPG,cropped_192hr_pH5_W47.JPG,cropped_216hr_pH5_W47.JPG,cropped_264hr_pH5_W47.JPG
48,5,cropped_0hr_pH5_W48.JPG,cropped_24hr_pH5_W48.JPG,cropped_30hr_pH5_W48.JPG,cropped_48hr_pH5_W48.JPG,cropped_72hr_pH5_W48.JPG,cropped_95hr_pH5_W48.JPG,cropped_120hr_pH5_W48.JPG,cropped_168hr_pH5_W48.JPG,cropped_192hr_pH5_W48.JPG,cropped_216hr_pH5_W48.JPG,cropped_264hr_pH5_W48.JPG
49,6,cropped_0hr_pH6_W1.JPG,cropped_24hr_pH6_W1.JPG,cropped_30hr_pH6_W1.JPG,cropped_48hr_pH6_W1.JPG,cropped_72hr_pH6_W1.JPG,cropped_95hr_pH6_W1.JPG,cropped_120hr_pH6_W1.JPG,cropped_168hr_pH6_W1.JPG,cropped_192hr_pH6_W1.JPG,cropped_216hr_pH6_W1.JPG,cropped_264hr_pH6_W1.JPG
50,6,cropped_0hr_pH6_W2.JPG,cropped_24hr_pH6_W2.JPG,cropped_30hr_pH6_W2.JPG,cropped_48hr_pH6_W2.JPG,cropped_72hr_pH6_W2.JPG,cropped_95hr_pH6_W2.JPG,cropped_120hr_pH6_W2.JPG,cropped_168hr_pH6_W2.JPG,cropped_192hr_pH6_W2.JPG,cropped_216hr_pH6_W2.JPG,cropped_264hr_pH6_W2.JPG
51,6,cropped_0hr_pH6_W3.JPG,cropped_24hr_pH6_W3.JPG,cropped_30hr_pH6_W3.JPG,cropped_48hr_pH6_W3.JPG,cropped_72hr_pH6_W3.JPG,cropped_95hr_pH6_W3.JPG,cropped_120hr_pH6_W3.JPG,cropped_168hr_pH6_W3.JPG,cropped_192hr_pH6_W3.JPG,cropped_216hr_pH6_W3.JPG,cropped_264hr_pH6_W3.JPG
52,6,cropped_0hr_pH6_W4.JPG,cropped_24hr_pH6_W4.JPG,cropped_30hr_pH6_W4.JPG,cropped_48hr_pH6_W4.JPG,cropped_72hr_pH6_W4.JPG,cropped_95hr_pH6_W4.JPG,cropped_120hr_pH6_W4.JPG,cropped_168hr_pH6_W4.JPG,cropped_192hr_pH6_W4.JPG,cropped_216hr_pH6_W4.JPG,cropped_264hr_pH6_W4.JPG
53,6,cropped_0hr_pH6_W5.JPG,cropped_24hr_pH6_W5.JPG,cropped_30hr_pH6_W5.JPG,cropped_48hr_pH6_W5.JPG,cropped_72hr_pH6_W5.JPG,cropped_95hr_pH6_W5.JPG,cropped_120hr_pH6_W5.JPG,cropped_168hr_pH6_W5.JPG,cropped_192hr_pH6_W5.JPG,cropped_216hr_pH6_W5.JPG,cropped_264hr_pH6_W5.JPG
54,6,cropped_0hr_pH6_W6.JPG,cropped_24hr_pH6_W6.JPG,cropped_30hr_pH6_W6.JPG,cropped_48hr_pH6_W6.JPG,cropped_72hr_pH6_W6.JPG,cropped_95hr_pH6_W6.JPG,cropped_120hr_pH6_W6.JPG,cropped_168hr_pH6_W6.JPG,cropped_192hr_pH6_W6.JPG,cropped_216hr_pH6_W6.JPG,cropped_264hr_pH6_W6.JPG
55,6,cropped_0hr_pH6_W7.JPG,cropped_24hr_pH6_W7.JPG,cropped_30hr_pH6_W7.JPG,cropped_48hr_pH6_W7.JPG,cropped_72hr_pH6_W7.JPG,cropped_95hr_pH6_W7.JPG,cropped_120hr_pH6_W7.JPG,cropped_168hr_pH6_W7.JPG,cropped_192hr_pH6_W7.JPG,cropped_216hr_pH6_W7.JPG,cropped_264hr_pH6_W7.JPG
56,6,cropped_0hr_pH6_W8.JPG,cropped_24hr_pH6_W8.JPG,cropped_30hr_pH6_W8.JPG,cropped_48hr_pH6_W8.JPG,cropped_72hr_pH6_W8.JPG,cropped_95hr_pH6_W8.JPG,cropped_120hr_pH6_W8.JPG,cropped_168hr_pH6_W8.JPG,cropped_192hr_pH6_W8.JPG,cropped_216hr_pH6_W8.JPG,cropped_264hr_pH6_W8.JPG
57,6,cropped_0hr_pH6_W9.JPG,cropped_24hr_pH6_W9.JPG,cropped_30hr_pH6_W9.JPG,cropped_48hr_pH6_W9.JPG,cropped_72hr_pH6_W9.JPG,cropped_95hr_pH6_W9.JPG,cropped_120hr_pH6_W9.JPG,cropped_168hr_pH6_W9.JPG,cropped_192hr_pH6_W9.JPG,cropped_216hr_pH6_W9.JPG,cropped_264hr_pH6_W9.JPG
58,6,cropped_0hr_pH6_W10.JPG,cropped_24hr_pH6_W10.JPG,cropped_30hr_pH6_W10.JPG,cropped_48hr_pH6_W10.JPG,cropped_72hr_pH6_W10.JPG,cropped_95hr_pH6_W10.JPG,cropped_120hr_pH6_W10.JPG,cropped_168hr_pH6_W10.JPG,cropped_192hr_pH6_W10.JPG,cropped_216hr_pH6_W10.JPG,cropped_264hr_pH6_W10.JPG
59,6,cropped_0hr_pH6_W11.JPG,cropped_24hr_pH6_W11.JPG,cropped_30hr_pH6_W11.JPG,cropped_48hr_pH6_W11.JPG,cropped_72hr_pH6_W11.JPG,cropped_95hr_pH6_W11.JPG,cropped_120hr_pH6_W11.JPG,cropped_168hr_pH6_W11.JPG,cropped_192hr_pH6_W11.JPG,cropped_216hr_pH6_W11.JPG,cropped_264hr_pH6_W11.JPG
60,6,cropped_0hr_pH6_W12.JPG,cropped_24hr_pH6_W12.JPG,cropped_30hr_pH6_W12.JPG,cropped_48hr_pH6_W12.JPG,cropped_72hr_pH6_W12.JPG,cropped_95hr_pH6_W12.JPG,cropped_120hr_pH6_W12.JPG,cropped_168hr_pH6_W12.JPG,cropped_192hr_pH6_W12.JPG,cropped_216hr_pH6_W12.JPG,cropped_264hr_pH6_W12.JPG
61,6,cropped_0hr_pH6_W13.JPG,cropped_24hr_pH6_W13.JPG,cropped_30hr_pH6_W13.JPG,cropped_48hr_pH6_W13.JPG,cropped_72hr_pH6_W13.JPG,cropped_95hr_pH6_W13.JPG,cropped_120hr_pH6_W13.JPG,cropped_168hr_pH6_W13.JPG,cropped_192hr_pH6_W13.JPG,cropped_216hr_pH6_W13.JPG,cropped_264hr_pH6_W13.JPG
62,6,cropped_0hr_pH6_W14.JPG,cropped_24hr_pH6_W14.JPG,cropped_30hr_pH6_W14.JPG,cropped_48hr_pH6_W14.JPG,cropped_72hr_pH6_W14.JPG,cropped_95hr_pH6_W14.JPG,cropped_120hr_pH6_W14.JPG,cropped_168hr_pH6_W14.JPG,cropped_192hr_pH6_W14.JPG,cropped_216hr_pH6_W14.JPG,cropped_264hr_pH6_W14.JPG
63,6,cropped_0hr_pH6_W15.JPG,cropped_24hr_pH6_W15.JPG,cropped_30hr_pH6_W15.JPG,cropped_48hr_pH6_W15.JPG,cropped_72hr_pH6_W15.JPG,cropped_95hr_pH6_W15.JPG,cropped_120hr_pH6_W15.JPG,cropped_168hr_pH6_W15.JPG,cropped_192hr_pH6_W15.JPG,cropped_216hr_pH6_W15.JPG,cropped_264hr_pH6_W15.JPG
64,6,cropped_0hr_pH6_W16.JPG,cropped_24hr_pH6_W16.JPG,cropped_30hr_pH6_W16.JPG,cropped_48hr_pH6_W16.JPG,cropped_72hr_pH6_W16.JPG,cropped_95hr_pH6_W16.JPG,cropped_120hr_pH6_W16.JPG,cropped_168hr_pH6_W16.JPG,cropped_192hr_pH6_W16.JPG,cropped_216hr_pH6_W16.JPG,cropped_264hr_pH6_W16.JPG
65,6,cropped_0hr_pH6_W17.JPG,cropped_24hr_pH6_W17.JPG,cropped_30hr_pH6_W17.JPG,cropped_48hr_pH6_W17.JPG,cropped_72hr_pH6_W17.JPG,cropped_95hr_pH6_W17.JPG,cropped_120hr_pH6_W17.JPG,cropped_168hr_pH6_W17.JPG,cropped_192hr_pH6_W17.JPG,cropped_216hr_pH6_W17.JPG,cropped_264hr_pH6_W17.JPG
66,6,cropped_0hr_pH6_W18.JPG,cropped_24hr_pH6_W18.JPG,cropped_30hr_pH6_W18.JPG,cropped_48hr_pH6_W18.JPG,cropped_72hr_pH6_W18.JPG,cropped_95hr_pH6_W18.JPG,cropped_120hr_pH6_W18.JPG,cropped_168hr_pH6_W18.JPG,cropped_192hr_pH6_W18.JPG,cropped_216hr_pH6_W18.JPG,cropped_264hr_pH6_W18.JPG
67,6,cropped_0hr_pH6_W19.JPG,cropped_24hr_pH6_W19.JPG,cropped_30hr_pH6_W19.JPG,cropped_48hr_pH6_W19.JPG,cropped_72hr_pH6_W19.JPG,cropped_95hr_pH6_W19.JPG,cropped_120hr_pH6_W19.JPG,cropped_168hr_pH6_W19.JPG,cropped_192hr_pH6_W19.JPG,cropped_216hr_pH6_W19.JPG,cropped_264hr_pH6_W19.JPG
68,6,cropped_0hr_pH6_W20.JPG,cropped_24hr_pH6_W20.JPG,cropped_30hr_pH6_W20.JPG,cropped_48hr_pH6_W20.JPG,cropped_72hr_pH6_W20.JPG,cropped_95hr_pH6_W20.JPG,cropped_120hr_pH6_W20.JPG,cropped_168hr_pH6_W20.JPG,cropped_192hr_pH6_W20.JPG,cropped_216hr_pH6_W20.JPG,cropped_264hr_pH6_W20.JPG
69,6,cropped_0hr_pH6_W21.JPG,cropped_24hr_pH6_W21.JPG,cropped_30hr_pH6_W21.JPG,cropped_48hr_pH6_W21.JPG,cropped_72hr_pH6_W21.JPG,cropped_95hr_pH6_W21.JPG,cropped_120hr_pH6_W21.JPG,cropped_168hr_pH6_W21.JPG,cropped_192hr_pH6_W21.JPG,cropped_216hr_pH6_W21.JPG,cropped_264hr_pH6_W21.JPG
70,6,cropped_0hr_pH6_W22.JPG,cropped_24hr_pH6_W22.JPG,cropped_30hr_pH6_W22.JPG,cropped_48hr_pH6_W22.JPG,cropped_72hr_pH6_W22.JPG,cropped_95hr_pH6_W22.JPG,cropped_120hr_pH6_W22.JPG,cropped_168hr_pH6_W22.JPG,cropped_192hr_pH6_W22.JPG,cropped_216hr_pH6_W22.JPG,cropped_264hr_pH6_W22.JPG
71,6,cropped_0hr_pH6_W23.JPG,cropped_24hr_pH6_W23.JPG,cropped_30hr_pH6_W23.JPG,cropped_48hr_pH6_W23.JPG,cropped_72hr_pH6_W23.JPG,cropped_95hr_pH6_W23.JPG,cropped_120hr_pH6_W23.JPG,cropped_168hr_pH6_W23.JPG,cropped_192hr_pH6_W23.JPG,cropped_216hr_pH6_W23.JPG,cropped_264hr_pH6_W23.JPG
72,6,cropped_0hr_pH6_W24.JPG,cropped_24hr_pH6_W24.JPG,cropped_30hr_pH6_W24.JPG,cropped_48hr_pH6_W24.JPG,cropped_72hr_pH6_W24.JPG,cropped_95hr_pH6_W24.JPG,cropped_120hr_pH6_W24.JPG,cropped_168hr_pH6_W24.JPG,cropped_192hr_pH6_W24.JPG,cropped_216hr_pH6_W24.JPG,cropped_264hr_pH6_W24.JPG
73,6,cropped_0hr_pH6_W25.JPG,cropped_24hr_pH6_W25.JPG,cropped_30hr_pH6_W25.JPG,cropped_48hr_pH6_W25.JPG,cropped_72hr_pH6_W25.JPG,cropped_95hr_pH6_W25.JPG,cropped_120hr_pH6_W25.JPG,cropped_168hr_pH6_W25.JPG,cropped_192hr_pH6_W25.JPG,cropped_216hr_pH6_W25.JPG,cropped_264hr_pH6_W25.JPG
74,6,cropped_0hr_pH6_W26.JPG,cropped_24hr_pH6_W26.JPG,cropped_30hr_pH6_W26.JPG,cropped_48hr_pH6_W26.JPG,cropped_72hr_pH6_W26.JPG,cropped_95hr_pH6_W26.JPG,cropped_120hr_pH6_W26.JPG,cropped_168hr_pH6_W26.JPG,cropped_192hr_pH6_W26.JPG,cropped_216hr_pH6_W26.JPG,cropped_264hr_pH6_W26.JPG
75,6,cropped_0hr_pH6_W27.JPG,cropped_24hr_pH6_W27.JPG,cropped_30hr_pH6_W27.JPG,cropped_48hr_pH6_W27.JPG,cropped_72hr_pH6_W27.JPG,cropped_95hr_pH6_W27.JPG,cropped_120hr_pH6_W27.JPG,cropped_168hr_pH6_W27.JPG,cropped_192hr_pH6_W27.JPG,cropped_216hr_pH6_W27.JPG,cropped_264hr_pH6_W27.JPG
76,6,cropped_0hr_pH6_W28.JPG,cropped_24hr_pH6_W28.JPG,cropped_30hr_pH6_W28.JPG,cropped_48hr_pH6_W28.JPG,cropped_72hr_pH6_W28.JPG,cropped_95hr_pH6_W28.JPG,cropped_120hr_pH6_W28.JPG,cropped_168hr_pH6_W28.JPG,cropped_192hr_pH6_W28.JPG,cropped_216hr_pH6_W28.JPG,cropped_264hr_pH6_W28.JPG
77,6,cropped_0hr_pH6_W29.JPG,cropped_24hr_pH6_W29.JPG,cropped_30hr_pH6_W29.JPG,cropped_48hr_pH6_W29.JPG,cropped_72hr_pH6_W29.JPG,cropped_95hr_pH6_W29.JPG,cropped_120hr_pH6_W29.JPG,cropped_168hr_pH6_W29.JPG,cropped_192hr_pH6_W29.JPG,cropped_216hr_pH6_W29.JPG,cropped_264hr_pH6_W29.JPG
78,6,cropped_0hr_pH6_W30.JPG,cropped_24hr_pH6_W30.JPG,cropped_30hr_pH6_W30.JPG,cropped_48hr_pH6_W30.JPG,cropped_72hr_pH6_W30.JPG,cropped_95hr_pH6_W30.JPG,cropped_120hr_pH6_W30.JPG,cropped_168hr_pH6_W30.JPG,cropped_192hr_pH6_W30.JPG,cropped_216hr_pH6_W30.JPG,cropped_264hr_pH6_W30.JPG
79,6,cropped_0hr_pH6_W31.JPG,cropped_24hr_pH6_W31.JPG,cropped_30hr_pH6_W31.JPG,cropped_48hr_pH6_W31.JPG,cropped_72hr_pH6_W31.JPG,cropped_95hr_pH6_W31.JPG,cropped_120hr_pH6_W31.JPG,cropped_168hr_pH6_W31.JPG,cropped_192hr_pH6_W31.JPG,cropped_216hr_pH6_W31.JPG,cropped_264hr_pH6_W31.JPG
80,6,cropped_0hr_pH6_W32.JPG,cropped_24hr_pH6_W32.JPG,cropped_30hr_pH6_W32.JPG,cropped_48hr_pH6_W32.JPG,cropped_72hr_pH6_W32.JPG,cropped_95hr_pH6_W32.JPG,cropped_120hr_pH6_W32.JPG,cropped_168hr_pH6_W32.JPG,cropped_192hr_pH6_W32.JPG,cropped_216hr_pH6_W32.JPG,cropped_264hr_pH6_W32.JPG
81,6,cropped_0hr_pH6_W33.JPG,cropped_24hr_pH6_W33.JPG,cropped_30hr_pH6_W33.JPG,cropped_48hr_pH6_W33.JPG,cropped_72hr_pH6_W33.JPG,cropped_95hr_pH6_W33.JPG,cropped_120hr_pH6_W33.JPG,cropped_168hr_pH6_W33.JPG,cropped_192hr_pH6_W33.JPG,cropped_216hr_pH6_W33.JPG,cropped_264hr_pH6_W33.JPG
82,6,cropped_0hr_pH6_W34.JPG,cropped_24hr_pH6_W34.JPG,cropped_30hr_pH6_W34.JPG,cropped_48hr_pH6_W34.JPG,cropped_72hr_pH6_W34.JPG,cropped_95hr_pH6_W34.JPG,cropped_120hr_pH6_W34.JPG,cropped_168hr_pH6_W34.JPG,cropped_192hr_pH6_W34.JPG,cropped_216hr_pH6_W34.JPG,cropped_264hr_pH6_W34.JPG
83,6,cropped_0hr_pH6_W35.JPG,cropped_24hr_pH6_W35.JPG,cropped_30hr_pH6_W35.JPG,cropped_48hr_pH6_W35.JPG,cropped_72hr_pH6_W35.JPG,cropped_95hr_pH6_W35.JPG,cropped_120hr_pH6_W35.JPG,cropped_168hr_pH6_W35.JPG,cropped_192hr_pH6_W35.JPG,cropped_216hr_pH6_W35.JPG,cropped_264hr_pH6_W35.JPG
84,6,cropped_0hr_pH6_W36.JPG,cropped_24hr_pH6_W36.JPG,cropped_30hr_pH6_W36.JPG,cropped_48hr_pH6_W36.JPG,cropped_72hr_pH6_W36.JPG,cropped_95hr_pH6_W36.JPG,cropped_120hr_pH6_W36.JPG,cropped_168hr_pH6_W36.JPG,cropped_192hr_pH6_W36.JPG,cropped_216hr_pH6_W36.JPG,cropped_264hr_pH6_W36.JPG
85,6,cropped_0hr_pH6_W37.JPG,cropped_24hr_pH6_W37.JPG,cropped_30hr_pH6_W37.JPG,cropped_48hr_pH6_W37.JPG,cropped_72hr_pH6_W37.JPG,cropped_95hr_pH6_W37.JPG,cropped_120hr_pH6_W37.JPG,cropped_168hr_pH6_W37.JPG,cropped_192hr_pH6_W37.JPG,cropped_216hr_pH6_W37.JPG,cropped_264hr_pH6_W37.JPG
86,6,cropped_0hr_pH6_W38.JPG,cropped_24hr_pH6_W38.JPG,cropped_30hr_pH6_W38.JPG,cropped_48hr_pH6_W38.JPG,cropped_72hr_pH6_W38.JPG,cropped_95hr_pH6_W38.JPG,cropped_120hr_pH6_W38.JPG,cropped_168hr_pH6_W38.JPG,cropped_192hr_pH6_W38.JPG,cropped_216hr_pH6_W38.JPG,cropped_264hr_pH6_W38.JPG
87,6,cropped_0hr_pH6_W39.JPG,cropped_24hr_pH6_W39.JPG,cropped_30hr_pH6_W39.JPG,cropped_48hr_pH6_W39.JPG,cropped_72hr_pH6_W39.JPG,cropped_95hr_pH6_W39.JPG,cropped_120hr_pH6_W39.JPG,cropped_168hr_pH6_W39.JPG,cropped_192hr_pH6_W39.JPG,cropped_216hr_pH6_W39.JPG,cropped_264hr_pH6_W39.JPG
88,6,cropped_0hr_pH6_W40.JPG,cropped_24hr_pH6_W40.JPG,cropped_30hr_pH6_W40.JPG,cropped_48hr_pH6_W40.JPG,cropped_72hr_pH6_W40.JPG,cropped_95hr_pH6_W40.JPG,cropped_120hr_pH6_W40.JPG,cropped_168hr_pH6_W40.JPG,cropped_192hr_pH6_W40.JPG,cropped_216hr_pH6_W40.JPG,cropped_264hr_pH6_W40.JPG
89,6,cropped_0hr_pH6_W41.JPG,cropped_24hr_pH6_W41.JPG,cropped_30hr_pH6_W41.JPG,cropped_48hr_pH6_W41.JPG,cropped_72hr_pH6_W41.JPG,cropped_95hr_pH6_W41.JPG,cropped_120hr_pH6_W41.JPG,cropped_168hr_pH6_W41.JPG,cropped_192hr_pH6_W41.JPG,cropped_216hr_pH6_W41.JPG,cropped_264hr_pH6_W41.JPG
90,6,cropped_0hr_pH6_W42.JPG,cropped_24hr_pH6_W42.JPG,cropped_30hr_pH6_W42.JPG,cropped_48hr_pH6_W42.JPG,cropped_72hr_pH6_W42.JPG,cropped_95hr_pH6_W42.JPG,cropped_120hr_pH6_W42.JPG,cropped_168hr_pH6_W42.JPG,cropped_192hr_pH6_W42.JPG,cropped_216hr_pH6_W42.JPG,cropped_264hr_pH6_W42.JPG
91,6,cropped_0hr_pH6_W43.JPG,cropped_24hr_pH6_W43.JPG,cropped_30hr_pH6_W43.JPG,cropped_48hr_pH6_W43.JPG,cropped_72hr_pH6_W43.JPG,cropped_95hr_pH6_W43.JPG,cropped_120hr_pH6_W43.JPG,cropped_168hr_pH6_W43.JPG,cropped_192hr_pH6_W43.JPG,cropped_216hr_pH6_W43.JPG,cropped_264hr_pH6_W43.JPG
92,6,cropped_0hr_pH6_W44.JPG,cropped_24hr_pH6_W44.JPG,cropped_30hr_pH6_W44.JPG,cropped_48hr_pH6_W44.JPG,cropped_72hr_pH6_W44.JPG,cropped_95hr_pH6_W44.JPG,cropped_120hr_pH6_W44.JPG,cropped_168hr_pH6_W44.JPG,cropped_192hr_pH6_W44.JPG,cropped_216hr_pH6_W44.JPG,cropped_264hr_pH6_W44.JPG
93,6,cropped_0hr_pH6_W45.JPG,cropped_24hr_pH6_W45.JPG,cropped_30hr_pH6_W45.JPG,cropped_48hr_pH6_W45.JPG,cropped_72hr_pH6_W45.JPG,cropped_95hr_pH6_W45.JPG,cropped_120hr_pH6_W45.JPG,cropped_168hr_pH6_W45.JPG,cropped_192hr_pH6_W45.JPG,cropped_216hr_pH6_W45.JPG,cropped_264hr_pH6_W45.JPG
94,6,cropped_0hr_pH6_W46.JPG,cropped_24hr_pH6_W46.JPG,cropped_30hr_pH6_W46.JPG,cropped_48hr_pH6_W46.JPG,cropped_72hr_pH6_W46.JPG,cropped_95hr_pH6_W46.JPG,cropped_120hr_pH6_W46.JPG,cropped_168hr_pH6_W46.JPG,cropped_192hr_pH6_W46.JPG,cropped_216hr_pH6_W46.JPG,cropped_264hr_pH6_W46.JPG
95,6,cropped_0hr_pH6_W47.JPG,cropped_24hr_pH6_W47.JPG,cropped_30hr_pH6_W47.JPG,cropped_48hr_pH6_W47.JPG,cropped_72hr_pH6_W47.JPG,cropped_95hr_pH6_W47.JPG,cropped_120hr_pH6_W47.JPG,cropped_168hr_pH6_W47.JPG,cropped_192hr_pH6_W47.JPG,cropped_216hr_pH6_W47.JPG,cropped_264hr_pH6_W47.JPG
96,6,cropped_0hr_pH6_W48.JPG,cropped_24hr_pH6_W48.JPG,cropped_30hr_pH6_W48.JPG,cropped_48hr_pH6_W48.JPG,cropped_72hr_pH6_W48.JPG,cropped_95hr_pH6_W48.JPG,cropped_120hr_pH6_W48.JPG,cropped_168hr_pH6_W48.JPG,cropped_192hr_pH6_W48.JPG,cropped_216hr_pH6_W48.JPG,cropped_264hr_pH6_W48.JPG
97,7,cropped_0hr_pH7_W1.JPG,cropped_24hr_pH7_W1.JPG,cropped_30hr_pH7_W1.JPG,cropped_48hr_pH7_W1.JPG,cropped_72hr_pH7_W1.JPG,cropped_95hr_pH7_W1.JPG,cropped_120hr_pH7_W1.JPG,cropped_168hr_pH7_W1.JPG,cropped_192hr_pH7_W1.JPG,cropped_216hr_pH7_W1.JPG,cropped_264hr_pH7_W1.JPG
98,7,cropped_0hr_pH7_W2.JPG,cropped_24hr_pH7_W2.JPG,cropped_30hr_pH7_W2.JPG,cropped_48hr_pH7_W2.JPG,cropped_72hr_pH7_W2.JPG,cropped_95hr_pH7_W2.JPG,cropped_120hr_pH7_W2.JPG,cropped_168hr_pH7_W2.JPG,cropped_192hr_pH7_W2.JPG,cropped_216hr_pH7_W2.JPG,cropped_264hr_pH7_W2.JPG
99,7,cropped_0hr_pH7_W3.JPG,cropped_24hr_pH7_W3.JPG,cropped_30hr_pH7_W3.JPG,cropped_48hr_pH7_W3.JPG,cropped_72hr_pH7_W3.JPG,cropped_95hr_pH7_W3.JPG,cropped_120hr_pH7_W3.JPG,cropped_168hr_pH7_W3.JPG,cropped_192hr_pH7_W3.JPG,cropped_216hr_pH7_W3.JPG,cropped_264hr_pH7_W3.JPG
100,7,cropped_0hr_pH7_W4.JPG,cropped_24hr_pH7_W4.JPG,cropped_30hr_pH7_W4.JPG,cropped_48hr_pH7_W4.JPG,cropped_72hr_pH7_W4.JPG,cropped_95hr_pH7_W4.JPG,cropped_120hr_pH7_W4.JPG,cropped_168hr_pH7_W4.JPG,cropped_192hr_pH7_W4.JPG,cropped_216hr_pH7_W4.JPG,cropped_264hr_pH7_W4.JPG
101,7,cropped_0hr_pH7_W5.JPG,cropped_24hr_pH7_W5.JPG,cropped_30hr_pH7_W5.JPG,cropped_48hr_pH7_W5.JPG,cropped_72hr_pH7_W5.JPG,cropped_95hr_pH7_W5.JPG,cropped_120hr_pH7_W5.JPG,cropped_168hr_pH7_W5.JPG,cropped_192hr_pH7_W5.JPG,cropped_216hr_pH7_W5.JPG,cropped_264hr_pH7_W5.JPG
102,7,cropped_0hr_pH7_W6.JPG,cropped_24hr_pH7_W6.JPG,cropped_30hr_pH7_W6.JPG,cropped_48hr_pH7_W6.JPG,cropped_72hr_pH7_W6.JPG,cropped_95hr_pH7_W6.JPG,cropped_120hr_pH7_W6.JPG,cropped_168hr_pH7_W6.JPG,cropped_192hr_pH7_W6.JPG,cropped_216hr_pH7_W6.JPG,cropped_264hr_pH7_W6.JPG
103,7,cropped_0hr_pH7_W7.JPG,cropped_24hr_pH7_W7.JPG,cropped_30hr_pH7_W7.JPG,cropped_48hr_pH7_W7.JPG,cropped_72hr_pH7_W7.JPG,cropped_95hr_pH7_W7.JPG,cropped_120hr_pH7_W7.JPG,cropped_168hr_pH7_W7.JPG,cropped_192hr_pH7_W7.JPG,cropped_216hr_pH7_W7.JPG,cropped_264hr_pH7_W7.JPG
104,7,cropped_0hr_pH7_W8.JPG,cropped_24hr_pH7_W8.JPG,cropped_30hr_pH7_W8.JPG,cropped_48hr_pH7_W8.JPG,cropped_72hr_pH7_W8.JPG,cropped_95hr_pH7_W8.JPG,cropped_120hr_pH7_W8.JPG,cropped_168hr_pH7_W8.JPG,cropped_192hr_pH7_W8.JPG,cropped_216hr_pH7_W8.JPG,cropped_264hr_pH7_W8.JPG
105,7,cropped_0hr_pH7_W9.JPG,cropped_24hr_pH7_W9.JPG,cropped_30hr_pH7_W9.JPG,cropped_48hr_pH7_W9.JPG,cropped_72hr_pH7_W9.JPG,cropped_95hr_pH7_W9.JPG,cropped_120hr_pH7_W9.JPG,cropped_168hr_pH7_W9.JPG,cropped_192hr_pH7_W9.JPG,cropped_216hr_pH7_W9.JPG,cropped_264hr_pH7_W9.JPG
106,7,cropped_0hr_pH7_W10.JPG,cropped_24hr_pH7_W10.JPG,cropped_30hr_pH7_W10.JPG,cropped_48hr_pH7_W10.JPG,cropped_72hr_pH7_W10.JPG,cropped_95hr_pH7_W10.JPG,cropped_120hr_pH7_W10.JPG,cropped_168hr_pH7_W10.JPG,cropped_192hr_pH7_W10.JPG,cropped_216hr_pH7_W10.JPG,cropped_264hr_pH7_W10.JPG
107,7,cropped_0hr_pH7_W11.JPG,cropped_24hr_pH7_W11.JPG,cropped_30hr_pH7_W11.JPG,cropped_48hr_pH7_W11.JPG,cropped_72hr_pH7_W11.JPG,cropped_95hr_pH7_W11.JPG,cropped_120hr_pH7_W11.JPG,cropped_168hr_pH7_W11.JPG,cropped_192hr_pH7_W11.JPG,cropped_216hr_pH7_W11.JPG,cropped_264hr_pH7_W11.JPG
108,7,cropped_0hr_pH7_W12.JPG,cropped_24hr_pH7_W12.JPG,cropped_30hr_pH7_W12.JPG,cropped_48hr_pH7_W12.JPG,cropped_72hr_pH7_W12.JPG,cropped_95hr_pH7_W12.JPG,cropped_120hr_pH7_W12.JPG,cropped_168hr_pH7_W12.JPG,cropped_192hr_pH7_W12.JPG,cropped_216hr_pH7_W12.JPG,cropped_264hr_pH7_W12.JPG
109,7,cropped_0hr_pH7_W13.JPG,cropped_24hr_pH7_W13.JPG,cropped_30hr_pH7_W13.JPG,cropped_48hr_pH7_W13.JPG,cropped_72hr_pH7_W13.JPG,cropped_95hr_pH7_W13.JPG,cropped_120hr_pH7_W13.JPG,cropped_168hr_pH7_W13.JPG,cropped_192hr_pH7_W13.JPG,cropped_216hr_pH7_W13.JPG,cropped_264hr_pH7_W13.JPG
110,7,cropped_0hr_pH7_W14.JPG,cropped_24hr_pH7_W14.JPG,cropped_30hr_pH7_W14.JPG,cropped_48hr_pH7_W14.JPG,cropped_72hr_pH7_W14.JPG,cropped_95hr_pH7_W14.JPG,cropped_120hr_pH7_W14.JPG,cropped_168hr_pH7_W14.JPG,cropped_192hr_pH7_W14.JPG,cropped_216hr_pH7_W14.JPG,cropped_264hr_pH7_W14.JPG
111,7,cropped_0hr_pH7_W15.JPG,cropped_24hr_pH7_W15.JPG,cropped_30hr_pH7_W15.JPG,cropped_48hr_pH7_W15.JPG,cropped_72hr_pH7_W15.JPG,cropped_95hr_pH7_W15.JPG,cropped_120hr_pH7_W15.JPG,cropped_168hr_pH7_W15.JPG,cropped_192hr_pH7_W15.JPG,cropped_216hr_pH7_W15.JPG,cropped_264hr_pH7_W15.JPG
112,7,cropped_0hr_pH7_W16.JPG,cropped_24hr_pH7_W16.JPG,cropped_30hr_pH7_W16.JPG,cropped_48hr_pH7_W16.JPG,cropped_72hr_pH7_W16.JPG,cropped_95hr_pH7_W16.JPG,cropped_120hr_pH7_W16.JPG,cropped_168hr_pH7_W16.JPG,cropped_192hr_pH7_W16.JPG,cropped_216hr_pH7_W16.JPG,cropped_264hr_pH7_W16.JPG
113,7,cropped_0hr_pH7_W17.JPG,cropped_24hr_pH7_W17.JPG,cropped_30hr_pH7_W17.JPG,cropped_48hr_pH7_W17.JPG,cropped_72hr_pH7_W17.JPG,cropped_95hr_pH7_W17.JPG,cropped_120hr_pH7_W17.JPG,cropped_168hr_pH7_W17.JPG,cropped_192hr_pH7_W17.JPG,cropped_216hr_pH7_W17.JPG,cropped_264hr_pH7_W17.JPG
114,7,cropped_0hr_pH7_W18.JPG,cropped_24hr_pH7_W18.JPG,cropped_30hr_pH7_W18.JPG,cropped_48hr_pH7_W18.JPG,cropped_72hr_pH7_W18.JPG,cropped_95hr_pH7_W18.JPG,cropped_120hr_pH7_W18.JPG,cropped_168hr_pH7_W18.JPG,cropped_192hr_pH7_W18.JPG,cropped_216hr_pH7_W18.JPG,cropped_264hr_pH7_W18.JPG
115,7,cropped_0hr_pH7_W19.JPG,cropped_24hr_pH7_W19.JPG,cropped_30hr_pH7_W19.JPG,cropped_48hr_pH7_W19.JPG,cropped_72hr_pH7_W19.JPG,cropped_95hr_pH7_W19.JPG,cropped_120hr_pH7_W19.JPG,cropped_168hr_pH7_W19.JPG,cropped_192hr_pH7_W19.JPG,cropped_216hr_pH7_W19.JPG,cropped_264hr_pH7_W19.JPG
116,7,cropped_0hr_pH7_W20.JPG,cropped_24hr_pH7_W20.JPG,cropped_30hr_pH7_W20.JPG,cropped_48hr_pH7_W20.JPG,cropped_72hr_pH7_W20.JPG,cropped_95hr_pH7_W20.JPG,cropped_120hr_pH7_W20.JPG,cropped_168hr_pH7_W20.JPG,cropped_192hr_pH7_W20.JPG,cropped_216hr_pH7_W20.JPG,cropped_264hr_pH7_W20.JPG
117,7,cropped_0hr_pH7_W21.JPG,cropped_24hr_pH7_W21.JPG,cropped_30hr_pH7_W21.JPG,cropped_48hr_pH7_W21.JPG,cropped_72hr_pH7_W21.JPG,cropped_95hr_pH7_W21.JPG,cropped_120hr_pH7_W21.JPG,cropped_168hr_pH7_W21.JPG,cropped_192hr_pH7_W21.JPG,cropped_216hr_pH7_W21.JPG,cropped_264hr_pH7_W21.JPG
118,7,cropped_0hr_pH7_W22.JPG,cropped_24hr_pH7_W22.JPG,cropped_30hr_pH7_W22.JPG,cropped_48hr_pH7_W22.JPG,cropped_72hr_pH7_W22.JPG,cropped_95hr_pH7_W22.JPG,cropped_120hr_pH7_W22.JPG,cropped_168hr_pH7_W22.JPG,cropped_192hr_pH7_W22.JPG,cropped_216hr_pH7_W22.JPG,cropped_264hr_pH7_W22.JPG
119,7,cropped_0hr_pH7_W23.JPG,cropped_24hr_pH7_W23.JPG,cropped_30hr_pH7_W23.JPG,cropped_48hr_pH7_W23.JPG,cropped_72hr_pH7_W23.JPG,cropped_95hr_pH7_W23.JPG,cropped_120hr_pH7_W23.JPG,cropped_168hr_pH7_W23.JPG,cropped_192hr_pH7_W23.JPG,cropped_216hr_pH7_W23.JPG,cropped_264hr_pH7_W23.JPG
120,7,cropped_0hr_pH7_W24.JPG,cropped_24hr_pH7_W24.JPG,cropped_30hr_pH7_W24.JPG,cropped_48hr_pH7_W24.JPG,cropped_72hr_pH7_W24.JPG,cropped_95hr_pH7_W24.JPG,cropped_120hr_pH7_W24.JPG,cropped_168hr_pH7_W24.JPG,cropped_192hr_pH7_W24.JPG,cropped_216hr_pH7_W24.JPG,cropped_264hr_pH7_W24.JPG
121,7,cropped_0hr_pH7_W25.JPG,cropped_24hr_pH7_W25.JPG,cropped_30hr_pH7_W25.JPG,cropped_48hr_pH7_W25.JPG,cropped_72hr_pH7_W25.JPG,cropped_95hr_pH7_W25.JPG,cropped_120hr_pH7_W25.JPG,cropped_168hr_pH7_W25.JPG,cropped_192hr_pH7_W25.JPG,cropped_216hr_pH7_W25.JPG,cropped_264hr_pH7_W25.JPG
122,7,cropped_0hr_pH7_W26.JPG,cropped_24hr_pH7_W26.JPG,cropped_30hr_pH7_W26.JPG,cropped_48hr_pH7_W26.JPG,cropped_72hr_pH7_W26.JPG,cropped_95hr_pH7_W26.JPG,cropped_120hr_pH7_W26.JPG,cropped_168hr_pH7_W26.JPG,cropped_192hr_pH7_W26.JPG,cropped_216hr_pH7_W26.JPG,cropped_264hr_pH7_W26.JPG
123,7,cropped_0hr_pH7_W27.JPG,cropped_24hr_pH7_W27.JPG,cropped_30hr_pH7_W27.JPG,cropped_48hr_pH7_W27.JPG,cropped_72hr_pH7_W27.JPG,cropped_95hr_pH7_W27.JPG,cropped_120hr_pH7_W27.JPG,cropped_168hr_pH7_W27.JPG,cropped_192hr_pH7_W27.JPG,cropped_216hr_pH7_W27.JPG,cropped_264hr_pH7_W27.JPG
124,7,cropped_0hr_pH7_W28.JPG,cropped_24hr_pH7_W28.JPG,cropped_30hr_pH7_W28.JPG,cropped_48hr_pH7_W28.JPG,cropped_72hr_pH7_W28.JPG,cropped_95hr_pH7_W28.JPG,cropped_120hr_pH7_W28.JPG,cropped_168hr_pH7_W28.JPG,cropped_192hr_pH7_W28.JPG,cropped_216hr_pH7_W28.JPG,cropped_264hr_pH7_W28.JPG
125,7,cropped_0hr_pH7_W29.JPG,cropped_24hr_pH7_W29.JPG,cropped_30hr_pH7_W29.JPG,cropped_48hr_pH7_W29.JPG,cropped_72hr_pH7_W29.JPG,cropped_95hr_pH7_W29.JPG,cropped_120hr_pH7_W29.JPG,cropped_168hr_pH7_W29.JPG,cropped_192hr_pH7_W29.JPG,cropped_216hr_pH7_W29.JPG,cropped_264hr_pH7_W29.JPG
126,7,cropped_0hr_pH7_W30.JPG,cropped_24hr_pH7_W30.JPG,cropped_30hr_pH7_W30.JPG,cropped_48hr_pH7_W30.JPG,cropped_72hr_pH7_W30.JPG,cropped_95hr_pH7_W30.JPG,cropped_120hr_pH7_W30.JPG,cropped_168hr_pH7_W30.JPG,cropped_192hr_pH7_W30.JPG,cropped_216hr_pH7_W30.JPG,cropped_264hr_pH7_W30.JPG
127,7,cropped_0hr_pH7_W31.JPG,cropped_24hr_pH7_W31.JPG,cropped_30hr_pH7_W31.JPG,cropped_48hr_pH7_W31.JPG,cropped_72hr_pH7_W31.JPG,cropped_95hr_pH7_W31.JPG,cropped_120hr_pH7_W31.JPG,cropped_168hr_pH7_W31.JPG,cropped_192hr_pH7_W31.JPG,cropped_216hr_pH7_W31.JPG,cropped_264hr_pH7_W31.JPG
128,7,cropped_0hr_pH7_W32.JPG,cropped_24hr_pH7_W32.JPG,cropped_30hr_pH7_W32.JPG,cropped_48hr_pH7_W32.JPG,cropped_72hr_pH7_W32.JPG,cropped_95hr_pH7_W32.JPG,cropped_120hr_pH7_W32.JPG,cropped_168hr_pH7_W32.JPG,cropped_192hr_pH7_W32.JPG,cropped_216hr_pH7_W32.JPG,cropped_264hr_pH7_W32.JPG
129,7,cropped_0hr_pH7_W33.JPG,cropped_24hr_pH7_W33.JPG,cropped_30hr_pH7_W33.JPG,cropped_48hr_pH7_W33.JPG,cropped_72hr_pH7_W33.JPG,cropped_95hr_pH7_W33.JPG,cropped_120hr_pH7_W33.JPG,cropped_168hr_pH7_W33.JPG,cropped_192hr_pH7_W33.JPG,cropped_216hr_pH7_W33.JPG,cropped_264hr_pH7_W33.JPG
130,7,cropped_0hr_pH7_W34.JPG,cropped_24hr_pH7_W34.JPG,cropped_30hr_pH7_W34.JPG,cropped_48hr_pH7_W34.JPG,cropped_72hr_pH7_W34.JPG,cropped_95hr_pH7_W34.JPG,cropped_120hr_pH7_W34.JPG,cropped_168hr_pH7_W34.JPG,cropped_192hr_pH7_W34.JPG,cropped_216hr_pH7_W34.JPG,cropped_264hr_pH7_W34.JPG
131,7,cropped_0hr_pH7_W35.JPG,cropped_24hr_pH7_W35.JPG,cropped_30hr_pH7_W35.JPG,cropped_48hr_pH7_W35.JPG,cropped_72hr_pH7_W35.JPG,cropped_95hr_pH7_W35.JPG,cropped_120hr_pH7_W35.JPG,cropped_168hr_pH7_W35.JPG,cropped_192hr_pH7_W35.JPG,cropped_216hr_pH7_W35.JPG,cropped_264hr_pH7_W35.JPG
132,7,cropped_0hr_pH7_W36.JPG,cropped_24hr_pH7_W36.JPG,cropped_30hr_pH7_W36.JPG,cropped_48hr_pH7_W36.JPG,cropped_72hr_pH7_W36.JPG,cropped_95hr_pH7_W36.JPG,cropped_120hr_pH7_W36.JPG,cropped_168hr_pH7_W36.JPG,cropped_192hr_pH7_W36.JPG,cropped_216hr_pH7_W36.JPG,cropped_264hr_pH7_W36.JPG
133,7,cropped_0hr_pH7_W37.JPG,cropped_24hr_pH7_W37.JPG,cropped_30hr_pH7_W37.JPG,cropped_48hr_pH7_W37.JPG,cropped_72hr_pH7_W37.JPG,cropped_95hr_pH7_W37.JPG,cropped_120hr_pH7_W37.JPG,cropped_168hr_pH7_W37.JPG,cropped_192hr_pH7_W37.JPG,cropped_216hr_pH7_W37.JPG,cropped_264hr_pH7_W37.JPG
134,7,cropped_0hr_pH7_W38.JPG,cropped_24hr_pH7_W38.JPG,cropped_30hr_pH7_W38.JPG,cropped_48hr_pH7_W38.JPG,cropped_72hr_pH7_W38.JPG,cropped_95hr_pH7_W38.JPG,cropped_120hr_pH7_W38.JPG,cropped_168hr_pH7_W38.JPG,cropped_192hr_pH7_W38.JPG,cropped_216hr_pH7_W38.JPG,cropped_264hr_pH7_W38.JPG
135,7,cropped_0hr_pH7_W39.JPG,cropped_24hr_pH7_W39.JPG,cropped_30hr_pH7_W39.JPG,cropped_48hr_pH7_W39.JPG,cropped_72hr_pH7_W39.JPG,cropped_95hr_pH7_W39.JPG,cropped_120hr_pH7_W39.JPG,cropped_168hr_pH7_W39.JPG,cropped_192hr_pH7_W39.JPG,cropped_216hr_pH7_W39.JPG,cropped_264hr_pH7_W39.JPG
136,7,cropped_0hr_pH7_W40.JPG,cropped_24hr_pH7_W40.JPG,cropped_30hr_pH7_W40.JPG,cropped_48hr_pH7_W40.JPG,cropped_72hr_pH7_W40.JPG,cropped_95hr_pH7_W40.JPG,cropped_120hr_pH7_W40.JPG,cropped_168hr_pH7_W40.JPG,cropped_192hr_pH7_W40.JPG,cropped_216hr_pH7_W40.JPG,cropped_264hr_pH7_W40.JPG
137,7,cropped_0hr_pH7_W41.JPG,cropped_24hr_pH7_W41.JPG,cropped_30hr_pH7_W41.JPG,cropped_48hr_pH7_W41.JPG,cropped_72hr_pH7_W41.JPG,cropped_95hr_pH7_W41.JPG,cropped_120hr_pH7_W41.JPG,cropped_168hr_pH7_W41.JPG,cropped_192hr_pH7_W41.JPG,cropped_216hr_pH7_W41.JPG,cropped_264hr_pH7_W41.JPG
138,7,cropped_0hr_pH7_W42.JPG,cropped_24hr_pH7_W42.JPG,cropped_30hr_pH7_W42.JPG,cropped_48hr_pH7_W42.JPG,cropped_72hr_pH7_W42.JPG,cropped_95hr_pH7_W42.JPG,cropped_120hr_pH7_W42.JPG,cropped_168hr_pH7_W42.JPG,cropped_192hr_pH7_W42.JPG,cropped_216hr_pH7_W42.JPG,cropped_264hr_pH7_W42.JPG
139,7,cropped_0hr_pH7_W43.JPG,cropped_24hr_pH7_W43.JPG,cropped_30hr_pH7_W43.JPG,cropped_48hr_pH7_W43.JPG,cropped_72hr_pH7_W43.JPG,cropped_95hr_pH7_W43.JPG,cropped_120hr_pH7_W43.JPG,cropped_168hr_pH7_W43.JPG,cropped_192hr_pH7_W43.JPG,cropped_216hr_pH7_W43.JPG,cropped_264hr_pH7_W43.JPG
140,7,cropped_0hr_pH7_W44.JPG,cropped_24hr_pH7_W44.JPG,cropped_30hr_pH7_W44.JPG,cropped_48hr_pH7_W44.JPG,cropped_72hr_pH7_W44.JPG,cropped_95hr_pH7_W44.JPG,cropped_120hr_pH7_W44.JPG,cropped_168hr_pH7_W44.JPG,cropped_192hr_pH7_W44.JPG,cropped_216hr_pH7_W44.JPG,cropped_264hr_pH7_W44.JPG
141,7,cropped_0hr_pH7_W45.JPG,cropped_24hr_pH7_W45.JPG,cropped_30hr_pH7_W45.JPG,cropped_48hr_pH7_W45.JPG,cropped_72hr_pH7_W45.JPG,cropped_95hr_pH7_W45.JPG,cropped_120hr_pH7_W45.JPG,cropped_168hr_pH7_W45.JPG,cropped_192hr_pH7_W45.JPG,cropped_216hr_pH7_W45.JPG,cropped_264hr_pH7_W45.JPG
142,7,cropped_0hr_pH7_W46.JPG,cropped_24hr_pH7_W46.JPG,cropped_30hr_pH7_W46.JPG,cropped_48hr_pH7_W46.JPG,cropped_72hr_pH7_W46.JPG,cropped_95hr_pH7_W46.JPG,cropped_120hr_pH7_W46.JPG,cropped_168hr_pH7_W46.JPG,cropped_192hr_pH7_W46.JPG,cropped_216hr_pH7_W46.JPG,cropped_264hr_pH7_W46.JPG
143,7,cropped_0hr_pH7_W47.JPG,cropped_24hr_pH7_W47.JPG,cropped_30hr_pH7_W47.JPG,cropped_48hr_pH7_W47.JPG,cropped_72hr_pH7_W47.JPG,cropped_95hr_pH7_W47.JPG,cropped_120hr_pH7_W47.JPG,cropped_168hr_pH7_W47.JPG,cropped_192hr_pH7_W47.JPG,cropped_216hr_pH7_W47.JPG,cropped_264hr_pH7_W47.JPG
144,7,cropped_0hr_pH7_W48.JPG,cropped_24hr_pH7_W48.JPG,cropped_30hr_pH7_W48.JPG,cropped_48hr_pH7_W48.JPG,cropped_72hr_pH7_W48.JPG,cropped_95hr_pH7_W48.JPG,cropped_120hr_pH7_W48.JPG,cropped_168hr_pH7_W48.JPG,cropped_192hr_pH7_W48.JPG,cropped_216hr_pH7_W48.JPG,cropped_264hr_pH7_W48.JPG
145,8,cropped_0hr_pH8_W1.JPG,cropped_24hr_pH8_W1.JPG,cropped_30hr_pH8_W1.JPG,cropped_48hr_pH8_W1.JPG,cropped_72hr_pH8_W1.JPG,cropped_95hr_pH8_W1.JPG,cropped_120hr_pH8_W1.JPG,cropped_168hr_pH8_W1.JPG,cropped_192hr_pH8_W1.JPG,cropped_216hr_pH8_W1.JPG,cropped_264hr_pH8_W1.JPG
146,8,cropped_0hr_pH8_W2.JPG,cropped_24hr_pH8_W2.JPG,cropped_30hr_pH8_W2.JPG,cropped_48hr_pH8_W2.JPG,cropped_72hr_pH8_W2.JPG,cropped_95hr_pH8_W2.JPG,cropped_120hr_pH8_W2.JPG,cropped_168hr_pH8_W2.JPG,cropped_192hr_pH8_W2.JPG,cropped_216hr_pH8_W2.JPG,cropped_264hr_pH8_W2.JPG
147,8,cropped_0hr_pH8_W3.JPG,cropped_24hr_pH8_W3.JPG,cropped_30hr_pH8_W3.JPG,cropped_48hr_pH8_W3.JPG,cropped_72hr_pH8_W3.JPG,cropped_95hr_pH8_W3.JPG,cropped_120hr_pH8_W3.JPG,cropped_168hr_pH8_W3.JPG,cropped_192hr_pH8_W3.JPG,cropped_216hr_pH8_W3.JPG,cropped_264hr_pH8_W3.JPG
148,8,cropped_0hr_pH8_W4.JPG,cropped_24hr_pH8_W4.JPG,cropped_30hr_pH8_W4.JPG,cropped_48hr_pH8_W4.JPG,cropped_72hr_pH8_W4.JPG,cropped_95hr_pH8_W4.JPG,cropped_120hr_pH8_W4.JPG,cropped_168hr_pH8_W4.JPG,cropped_192hr_pH8_W4.JPG,cropped_216hr_pH8_W4.JPG,cropped_264hr_pH8_W4.JPG
149,8,cropped_0hr_pH8_W5.JPG,cropped_24hr_pH8_W5.JPG,cropped_30hr_pH8_W5.JPG,cropped_48hr_pH8_W5.JPG,cropped_72hr_pH8_W5.JPG,cropped_95hr_pH8_W5.JPG,cropped_120hr_pH8_W5.JPG,cropped_168hr_pH8_W5.JPG,cropped_192hr_pH8_W5.JPG,cropped_216hr_pH8_W5.JPG,cropped_264hr_pH8_W5.JPG
150,8,cropped_0hr_pH8_W6.JPG,cropped_24hr_pH8_W6.JPG,cropped_30hr_pH8_W6.JPG,cropped_48hr_pH8_W6.JPG,cropped_72hr_pH8_W6.JPG,cropped_95hr_pH8_W6.JPG,cropped_120hr_pH8_W6.JPG,cropped_168hr_pH8_W6.JPG,cropped_192hr_pH8_W6.JPG,cropped_216hr_pH8_W6.JPG,cropped_264hr_pH8_W6.JPG
151,8,cropped_0hr_pH8_W7.JPG,cropped_24hr_pH8_W7.JPG,cropped_30hr_pH8_W7.JPG,cropped_48hr_pH8_W7.JPG,cropped_72hr_pH8_W7.JPG,cropped_95hr_pH8_W7.JPG,cropped_120hr_pH8_W7.JPG,cropped_168hr_pH8_W7.JPG,cropped_192hr_pH8_W7.JPG,cropped_216hr_pH8_W7.JPG,cropped_264hr_pH8_W7.JPG
152,8,cropped_0hr_pH8_W8.JPG,cropped_24hr_pH8_W8.JPG,cropped_30hr_pH8_W8.JPG,cropped_48hr_pH8_W8.JPG,cropped_72hr_pH8_W8.JPG,cropped_95hr_pH8_W8.JPG,cropped_120hr_pH8_W8.JPG,cropped_168hr_pH8_W8.JPG,cropped_192hr_pH8_W8.JPG,cropped_216hr_pH8_W8.JPG,cropped_264hr_pH8_W8.JPG
153,8,cropped_0hr_pH8_W9.JPG,cropped_24hr_pH8_W9.JPG,cropped_30hr_pH8_W9.JPG,cropped_48hr_pH8_W9.JPG,cropped_72hr_pH8_W9.JPG,cropped_95hr_pH8_W9.JPG,cropped_120hr_pH8_W9.JPG,cropped_168hr_pH8_W9.JPG,cropped_192hr_pH8_W9.JPG,cropped_216hr_pH8_W9.JPG,cropped_264hr_pH8_W9.JPG
154,8,cropped_0hr_pH8_W10.JPG,cropped_24hr_pH8_W10.JPG,cropped_30hr_pH8_W10.JPG,cropped_48hr_pH8_W10.JPG,cropped_72hr_pH8_W10.JPG,cropped_95hr_pH8_W10.JPG,cropped_120hr_pH8_W10.JPG,cropped_168hr_pH8_W10.JPG,cropped_192hr_pH8_W10.JPG,cropped_216hr_pH8_W10.JPG,cropped_264hr_pH8_W10.JPG
155,8,cropped_0hr_pH8_W11.JPG,cropped_24hr_pH8_W11.JPG,cropped_30hr_pH8_W11.JPG,cropped_48hr_pH8_W11.JPG,cropped_72hr_pH8_W11.JPG,cropped_95hr_pH8_W11.JPG,cropped_120hr_pH8_W11.JPG,cropped_168hr_pH8_W11.JPG,cropped_192hr_pH8_W11.JPG,cropped_216hr_pH8_W11.JPG,cropped_264hr_pH8_W11.JPG
156,8,cropped_0hr_pH8_W12.JPG,cropped_24hr_pH8_W12.JPG,cropped_30hr_pH8_W12.JPG,cropped_48hr_pH8_W12.JPG,cropped_72hr_pH8_W12.JPG,cropped_95hr_pH8_W12.JPG,cropped_120hr_pH8_W12.JPG,cropped_168hr_pH8_W12.JPG,cropped_192hr_pH8_W12.JPG,cropped_216hr_pH8_W12.JPG,cropped_264hr_pH8_W12.JPG
157,8,cropped_0hr_pH8_W13.JPG,cropped_24hr_pH8_W13.JPG,cropped_30hr_pH8_W13.JPG,cropped_48hr_pH8_W13.JPG,cropped_72hr_pH8_W13.JPG,cropped_95hr_pH8_W13.JPG,cropped_120hr_pH8_W13.JPG,cropped_168hr_pH8_W13.JPG,cropped_192hr_pH8_W13.JPG,cropped_216hr_pH8_W13.JPG,cropped_264hr_pH8_W13.JPG
158,8,cropped_0hr_pH8_W14.JPG,cropped_24hr_pH8_W14.JPG,cropped_30hr_pH8_W14.JPG,cropped_48hr_pH8_W14.JPG,cropped_72hr_pH8_W14.JPG,cropped_95hr_pH8_W14.JPG,cropped_120hr_pH8_W14.JPG,cropped_168hr_pH8_W14.JPG,cropped_192hr_pH8_W14.JPG,cropped_216hr_pH8_W14.JPG,cropped_264hr_pH8_W14.JPG
159,8,cropped_0hr_pH8_W15.JPG,cropped_24hr_pH8_W15.JPG,cropped_30hr_pH8_W15.JPG,cropped_48hr_pH8_W15.JPG,cropped_72hr_pH8_W15.JPG,cropped_95hr_pH8_W15.JPG,cropped_120hr_pH8_W15.JPG,cropped_168hr_pH8_W15.JPG,cropped_192hr_pH8_W15.JPG,cropped_216hr_pH8_W15.JPG,cropped_264hr_pH8_W15.JPG
160,8,cropped_0hr_pH8_W16.JPG,cropped_24hr_pH8_W16.JPG,cropped_30hr_pH8_W16.JPG,cropped_48hr_pH8_W16.JPG,cropped_72hr_pH8_W16.JPG,cropped_95hr_pH8_W16.JPG,cropped_120hr_pH8_W16.JPG,cropped_168hr_pH8_W16.JPG,cropped_192hr_pH8_W16.JPG,cropped_216hr_pH8_W16.JPG,cropped_264hr_pH8_W16.JPG
161,8,cropped_0hr_pH8_W17.JPG,cropped_24hr_pH8_W17.JPG,cropped_30hr_pH8_W17.JPG,cropped_48hr_pH8_W17.JPG,cropped_72hr_pH8_W17.JPG,cropped_95hr_pH8_W17.JPG,cropped_120hr_pH8_W17.JPG,cropped_168hr_pH8_W17.JPG,cropped_192hr_pH8_W17.JPG,cropped_216hr_pH8_W17.JPG,cropped_264hr_pH8_W17.JPG
162,8,cropped_0hr_pH8_W18.JPG,cropped_24hr_pH8_W18.JPG,cropped_30hr_pH8_W18.JPG,cropped_48hr_pH8_W18.JPG,cropped_72hr_pH8_W18.JPG,cropped_95hr_pH8_W18.JPG,cropped_120hr_pH8_W18.JPG,cropped_168hr_pH8_W18.JPG,cropped_192hr_pH8_W18.JPG,cropped_216hr_pH8_W18.JPG,cropped_264hr_pH8_W18.JPG
163,8,cropped_0hr_pH8_W19.JPG,cropped_24hr_pH8_W19.JPG,cropped_30hr_pH8_W19.JPG,cropped_48hr_pH8_W19.JPG,cropped_72hr_pH8_W19.JPG,cropped_95hr_pH8_W19.JPG,cropped_120hr_pH8_W19.JPG,cropped_168hr_pH8_W19.JPG,cropped_192hr_pH8_W19.JPG,cropped_216hr_pH8_W19.JPG,cropped_264hr_pH8_W19.JPG
164,8,cropped_0hr_pH8_W20.JPG,cropped_24hr_pH8_W20.JPG,cropped_30hr_pH8_W20.JPG,cropped_48hr_pH8_W20.JPG,cropped_72hr_pH8_W20.JPG,cropped_95hr_pH8_W20.JPG,cropped_120hr_pH8_W20.JPG,cropped_168hr_pH8_W20.JPG,cropped_192hr_pH8_W20.JPG,cropped_216hr_pH8_W20.JPG,cropped_264hr_pH8_W20.JPG
165,8,cropped_0hr_pH8_W21.JPG,cropped_24hr_pH8_W21.JPG,cropped_30hr_pH8_W21.JPG,cropped_48hr_pH8_W21.JPG,cropped_72hr_pH8_W21.JPG,cropped_95hr_pH8_W21.JPG,cropped_120hr_pH8_W21.JPG,cropped_168hr_pH8_W21.JPG,cropped_192hr_pH8_W21.JPG,cropped_216hr_pH8_W21.JPG,cropped_264hr_pH8_W21.JPG
166,8,cropped_0hr_pH8_W22.JPG,cropped_24hr_pH8_W22.JPG,cropped_30hr_pH8_W22.JPG,cropped_48hr_pH8_W22.JPG,cropped_72hr_pH8_W22.JPG,cropped_95hr_pH8_W22.JPG,cropped_120hr_pH8_W22.JPG,cropped_168hr_pH8_W22.JPG,cropped_192hr_pH8_W22.JPG,cropped_216hr_pH8_W22.JPG,cropped_264hr_pH8_W22.JPG
167,8,cropped_0hr_pH8_W23.JPG,cropped_24hr_pH8_W23.JPG,cropped_30hr_pH8_W23.JPG,cropped_48hr_pH8_W23.JPG,cropped_72hr_pH8_W23.JPG,cropped_95hr_pH8_W23.JPG,cropped_120hr_pH8_W23.JPG,cropped_168hr_pH8_W23.JPG,cropped_192hr_pH8_W23.JPG,cropped_216hr_pH8_W23.JPG,cropped_264hr_pH8_W23.JPG
168,8,cropped_0hr_pH8_W24.JPG,cropped_24hr_pH8_W24.JPG,cropped_30hr_pH8_W24.JPG,cropped_48hr_pH8_W24.JPG,cropped_72hr_pH8_W24.JPG,cropped_95hr_pH8_W24.JPG,cropped_120hr_pH8_W24.JPG,cropped_168hr_pH8_W24.JPG,cropped_192hr_pH8_W24.JPG,cropped_216hr_pH8_W24.JPG,cropped_264hr_pH8_W24.JPG
169,8,cropped_0hr_pH8_W25.JPG,cropped_24hr_pH8_W25.JPG,cropped_30hr_pH8_W25.JPG,cropped_48hr_pH8_W25.JPG,cropped_72hr_pH8_W25.JPG,cropped_95hr_pH8_W25.JPG,cropped_120hr_pH8_W25.JPG,cropped_168hr_pH8_W25.JPG,cropped_192hr_pH8_W25.JPG,cropped_216hr_pH8_W25.JPG,cropped_264hr_pH8_W25.JPG
170,8,cropped_0hr_pH8_W26.JPG,cropped_24hr_pH8_W26.JPG,cropped_30hr_pH8_W26.JPG,cropped_48hr_pH8_W26.JPG,cropped_72hr_pH8_W26.JPG,cropped_95hr_pH8_W26.JPG,cropped_120hr_pH8_W26.JPG,cropped_168hr_pH8_W26.JPG,cropped_192hr_pH8_W26.JPG,cropped_216hr_pH8_W26.JPG,cropped_264hr_pH8_W26.JPG
171,8,cropped_0hr_pH8_W27.JPG,cropped_24hr_pH8_W27.JPG,cropped_30hr_pH8_W27.JPG,cropped_48hr_pH8_W27.JPG,cropped_72hr_pH8_W27.JPG,cropped_95hr_pH8_W27.JPG,cropped_120hr_pH8_W27.JPG,cropped_168hr_pH8_W27.JPG,cropped_192hr_pH8_W27.JPG,cropped_216hr_pH8_W27.JPG,cropped_264hr_pH8_W27.JPG
172,8,cropped_0hr_pH8_W28.JPG,cropped_24hr_pH8_W28.JPG,cropped_30hr_pH8_W28.JPG,cropped_48hr_pH8_W28.JPG,cropped_72hr_pH8_W28.JPG,cropped_95hr_pH8_W28.JPG,cropped_120hr_pH8_W28.JPG,cropped_168hr_pH8_W28.JPG,cropped_192hr_pH8_W28.JPG,cropped_216hr_pH8_W28.JPG,cropped_264hr_pH8_W28.JPG
173,8,cropped_0hr_pH8_W29.JPG,cropped_24hr_pH8_W29.JPG,cropped_30hr_pH8_W29.JPG,cropped_48hr_pH8_W29.JPG,cropped_72hr_pH8_W29.JPG,cropped_95hr_pH8_W29.JPG,cropped_120hr_pH8_W29.JPG,cropped_168hr_pH8_W29.JPG,cropped_192hr_pH8_W29.JPG,cropped_216hr_pH8_W29.JPG,cropped_264hr_pH8_W29.JPG
174,8,cropped_0hr_pH8_W30.JPG,cropped_24hr_pH8_W30.JPG,cropped_30hr_pH8_W30.JPG,cropped_48hr_pH8_W30.JPG,cropped_72hr_pH8_W30.JPG,cropped_95hr_pH8_W30.JPG,cropped_120hr_pH8_W30.JPG,cropped_168hr_pH8_W30.JPG,cropped_192hr_pH8_W30.JPG,cropped_216hr_pH8_W30.JPG,cropped_264hr_pH8_W30.JPG
175,8,cropped_0hr_pH8_W31.JPG,cropped_24hr_pH8_W31.JPG,cropped_30hr_pH8_W31.JPG,cropped_48hr_pH8_W31.JPG,cropped_72hr_pH8_W31.JPG,cropped_95hr_pH8_W31.JPG,cropped_120hr_pH8_W31.JPG,cropped_168hr_pH8_W31.JPG,cropped_192hr_pH8_W31.JPG,cropped_216hr_pH8_W31.JPG,cropped_264hr_pH8_W31.JPG
176,8,cropped_0hr_pH8_W32.JPG,cropped_24hr_pH8_W32.JPG,cropped_30hr_pH8_W32.JPG,cropped_48hr_pH8_W32.JPG,cropped_72hr_pH8_W32.JPG,cropped_95hr_pH8_W32.JPG,cropped_120hr_pH8_W32.JPG,cropped_168hr_pH8_W32.JPG,cropped_192hr_pH8_W32.JPG,cropped_216hr_pH8_W32.JPG,cropped_264hr_pH8_W32.JPG
177,8,cropped_0hr_pH8_W33.JPG,cropped_24hr_pH8_W33.JPG,cropped_30hr_pH8_W33.JPG,cropped_48hr_pH8_W33.JPG,cropped_72hr_pH8_W33.JPG,cropped_95hr_pH8_W33.JPG,cropped_120hr_pH8_W33.JPG,cropped_168hr_pH8_W33.JPG,cropped_192hr_pH8_W33.JPG,cropped_216hr_pH8_W33.JPG,cropped_264hr_pH8_W33.JPG
178,8,cropped_0hr_pH8_W34.JPG,cropped_24hr_pH8_W34.JPG,cropped_30hr_pH8_W34.JPG,cropped_48hr_pH8_W34.JPG,cropped_72hr_pH8_W34.JPG,cropped_95hr_pH8_W34.JPG,cropped_120hr_pH8_W34.JPG,cropped_168hr_pH8_W34.JPG,cropped_192hr_pH8_W34.JPG,cropped_216hr_pH8_W34.JPG,cropped_264hr_pH8_W34.JPG
179,8,cropped_0hr_pH8_W35.JPG,cropped_24hr_pH8_W35.JPG,cropped_30hr_pH8_W35.JPG,cropped_48hr_pH8_W35.JPG,cropped_72hr_pH8_W35.JPG,cropped_95hr_pH8_W35.JPG,cropped_120hr_pH8_W35.JPG,cropped_168hr_pH8_W35.JPG,cropped_192hr_pH8_W35.JPG,cropped_216hr_pH8_W35.JPG,cropped_264hr_pH8_W35.JPG
180,8,cropped_0hr_pH8_W36.JPG,cropped_24hr_pH8_W36.JPG,cropped_30hr_pH8_W36.JPG,cropped_48hr_pH8_W36.JPG,cropped_72hr_pH8_W36.JPG,cropped_95hr_pH8_W36.JPG,cropped_120hr_pH8_W36.JPG,cropped_168hr_pH8_W36.JPG,cropped_192hr_pH8_W36.JPG,cropped_216hr_pH8_W36.JPG,cropped_264hr_pH8_W36.JPG
181,8,cropped_0hr_pH8_W37.JPG,cropped_24hr_pH8_W37.JPG,cropped_30hr_pH8_W37.JPG,cropped_48hr_pH8_W37.JPG,cropped_72hr_pH8_W37.JPG,cropped_95hr_pH8_W37.JPG,cropped_120hr_pH8_W37.JPG,cropped_168hr_pH8_W37.JPG,cropped_192hr_pH8_W37.JPG,cropped_216hr_pH8_W37.JPG,cropped_264hr_pH8_W37.JPG
182,8,cropped_0hr_pH8_W38.JPG,cropped_24hr_pH8_W38.JPG,cropped_30hr_pH8_W38.JPG,cropped_48hr_pH8_W38.JPG,cropped_72hr_pH8_W38.JPG,cropped_95hr_pH8_W38.JPG,cropped_120hr_pH8_W38.JPG,cropped_168hr_pH8_W38.JPG,cropped_192hr_pH8_W38.JPG,cropped_216hr_pH8_W38.JPG,cropped_264hr_pH8_W38.JPG
183,8,cropped_0hr_pH8_W39.JPG,cropped_24hr_pH8_W39.JPG,cropped_30hr_pH8_W39.JPG,cropped_48hr_pH8_W39.JPG,cropped_72hr_pH8_W39.JPG,cropped_95hr_pH8_W39.JPG,cropped_120hr_pH8_W39.JPG,cropped_168hr_pH8_W39.JPG,cropped_192hr_pH8_W39.JPG,cropped_216hr_pH8_W39.JPG,cropped_264hr_pH8_W39.JPG
184,8,cropped_0hr_pH8_W40.JPG,cropped_24hr_pH8_W40.JPG,cropped_30hr_pH8_W40.JPG,cropped_48hr_pH8_W40.JPG,cropped_72hr_pH8_W40.JPG,cropped_95hr_pH8_W40.JPG,cropped_120hr_pH8_W40.JPG,cropped_168hr_pH8_W40.JPG,cropped_192hr_pH8_W40.JPG,cropped_216hr_pH8_W40.JPG,cropped_264hr_pH8_W40.JPG
185,8,cropped_0hr_pH8_W41.JPG,cropped_24hr_pH8_W41.JPG,cropped_30hr_pH8_W41.JPG,cropped_48hr_pH8_W41.JPG,cropped_72hr_pH8_W41.JPG,cropped_95hr_pH8_W41.JPG,cropped_120hr_pH8_W41.JPG,cropped_168hr_pH8_W41.JPG,cropped_192hr_pH8_W41.JPG,cropped_216hr_pH8_W41.JPG,cropped_264hr_pH8_W41.JPG
186,8,cropped_0hr_pH8_W42.JPG,cropped_24hr_pH8_W42.JPG,cropped_30hr_pH8_W42.JPG,cropped_48hr_pH8_W42.JPG,cropped_72hr_pH8_W42.JPG,cropped_95hr_pH8_W42.JPG,cropped_120hr_pH8_W42.JPG,cropped_168hr_pH8_W42.JPG,cropped_192hr_pH8_W42.JPG,cropped_216hr_pH8_W42.JPG,cropped_264hr_pH8_W42.JPG
187,8,cropped_0hr_pH8_W43.JPG,cropped_24hr_pH8_W43.JPG,cropped_30hr_pH8_W43.JPG,cropped_48hr_pH8_W43.JPG,cropped_72hr_pH8_W43.JPG,cropped_95hr_pH8_W43.JPG,cropped_120hr_pH8_W43.JPG,cropped_168hr_pH8_W43.JPG,cropped_192hr_pH8_W43.JPG,cropped_216hr_pH8_W43.JPG,cropped_264hr_pH8_W43.JPG
188,8,cropped_0hr_pH8_W44.JPG,cropped_24hr_pH8_W44.JPG,cropped_30hr_pH8_W44.JPG,cropped_48hr_pH8_W44.JPG,cropped_72hr_pH8_W44.JPG,cropped_95hr_pH8_W44.JPG,cropped_120hr_pH8_W44.JPG,cropped_168hr_pH8_W44.JPG,cropped_192hr_pH8_W44.JPG,cropped_216hr_pH8_W44.JPG,cropped_264hr_pH8_W44.JPG
189,8,cropped_0hr_pH8_W45.JPG,cropped_24hr_pH8_W45.JPG,cropped_30hr_pH8_W45.JPG,cropped_48hr_pH8_W45.JPG,cropped_72hr_pH8_W45.JPG,cropped_95hr_pH8_W45.JPG,cropped_120hr_pH8_W45.JPG,cropped_168hr_pH8_W45.JPG,cropped_192hr_pH8_W45.JPG,cropped_216hr_pH8_W45.JPG,cropped_264hr_pH8_W45.JPG
190,8,cropped_0hr_pH8_W46.JPG,cropped_24hr_pH8_W46.JPG,cropped_30hr_pH8_W46.JPG,cropped_48hr_pH8_W46.JPG,cropped_72hr_pH8_W46.JPG,cropped_95hr_pH8_W46.JPG,cropped_120hr_pH8_W46.JPG,cropped_168hr_pH8_W46.JPG,cropped_192hr_pH8_W46.JPG,cropped_216hr_pH8_W46.JPG,cropped_264hr_pH8_W46.JPG
191,8,cropped_0hr_pH8_W47.JPG,cropped_24hr_pH8_W47.JPG,cropped_30hr_pH8_W47.JPG,cropped_48hr_pH8_W47.JPG,cropped_72hr_pH8_W47.JPG,cropped_95hr_pH8_W47.JPG,cropped_120hr_pH8_W47.JPG,cropped_168hr_pH8_W47.JPG,cropped_192hr_pH8_W47.JPG,cropped_216hr_pH8_W47.JPG,cropped_264hr_pH8_W47.JPG
192,8,cropped_0hr_pH8_W48.JPG,cropped_24hr_pH8_W48.JPG,cropped_30hr_pH8_W48.JPG,cropped_48hr_pH8_W48.JPG,cropped_72hr_pH8_W48.JPG,cropped_95hr_pH8_W48.JPG,cropped_120hr_pH8_W48.JPG,cropped_168hr_pH8_W48.JPG,cropped_192hr_pH8_W48.JPG,cropped_216hr_pH8_W48.JPG,cropped_264hr_pH8_W48.JPG
